{
  "0": {
    "radius": 0.8325379076778147,
    "centre": [
      40.18288812414316,
      -100.43828666091096
    ]
  },
  "1": {
    "radius": 0.5571302436589749,
    "centre": [
      40.412975147940415,
      -101.30525927795529
    ]
  },
  "2": {
    "radius": 1.1633629549254985,
    "centre": [
      39.664738548198386,
      -101.31109531470993
    ]
  },
  "3": {
    "radius": 4.832045749549788,
    "centre": [
      41.663663941873835,
      -111.47106493615924
    ]
  }
}