{
  "hotspots": [
    {
      "centre": [
        38.72073212991151,
        -106.52900471287082
      ],
      "radius": 2.499999999999999
    },
    {
      "centre": [
        39.97046881863818,
        -104.29420871090363
      ],
      "radius": 1.2000000000000004
    },
    {
      "centre": [
        41.715130060264364,
        -111.49624640203307
      ],
      "radius": 1.7000000000000008
    }
  ]
}