{
  "0": {
    "centre": [
      38.47845758926288,
      -106.45339369097046
    ],
    "radius": 3.457967654417112
  },
  "1": {
    "centre": [
      41.36699183559605,
      -102.63854421800971
    ],
    "radius": 4.7655050381946005
  },
  "2": {
    "centre": [
      38.23570951883017,
      -101.49068709314425
    ],
    "radius": 2.645407792876185
  },
  "3": {
    "centre": [
      42.12899654677158,
      -111.5343897547389
    ],
    "radius": 5.3618997511580275
  }
}