{
  "hotspots": [
    {
      "centre": [
        37.995034555881524,
        -101.63233319752554
      ],
      "radius": 2.5003815131579077
    },
    {
      "centre": [
        41.03287834897685,
        -111.73434062368919
      ],
      "radius": 5.117428832223052
    },
    {
      "centre": [
        41.50059254065277,
        -103.03439996060337
      ],
      "radius": 5.06004214240621
    },
    {
      "centre": [
        38.71306324091341,
        -106.54212031485594
      ],
      "radius": 3.438863338312084
    }
  ]
}