{
  "hotspots": [
    {
      "centre": [
        41.83142570021676,
        -102.58516453176054
      ],
      "radius": 5.214730274214774
    },
    {
      "centre": [
        40.98333716659622,
        -111.68959596562301
      ],
      "radius": 5.118993908678191
    },
    {
      "centre": [
        43.05641383296585,
        -100.82433998220743
      ],
      "radius": 2.421366886668001
    },
    {
      "centre": [
        37.954845575445574,
        -104.51620816879722
      ],
      "radius": 4.562520847949106
    }
  ]
}